scene,timecode,lieu,personnages,keyframe_refs,seedance_refs,dialogue,type_voix,voice_id,prise_retenue,seed,statut,notes
S01,00:00-00:10,Pharmacie comptoir,Inès,"REF_INES_face + SET_PHARMA_comptoir","EP01_S01_KF + REF_INES_face","V1: Inès… c'est moi. Enfin… c'est toi. Écoute-moi bien.",TTS v3 + filtre tel,ZYOBieLaunTiQrTrvNQq,,,à faire,HOOK + texte écran 0-3 s
S02,00:10-00:20,Pharmacie comptoir,Inès,"REF_INES_face + SET_PHARMA_comptoir","EP01_S02_KF + REF_INES_face + PROP_HORLOGE","V2: Dans dix minutes, un homme avec un parapluie jaune va frapper au guichet. Quoi qu'il te dise… n'ouvre pas.",TTS v3 + filtre tel,ZYOBieLaunTiQrTrvNQq,,,à faire,Horloge figée 3:33
S03,00:20-00:30,Pharmacie comptoir,Inès,"REF_INES_face + SET_PHARMA_comptoir","EP01_S03_KF + REF_INES_face","D1: Génial. Maintenant je me laisse des messages. / V3 opérateur",Voice Changer (+ TTS opérateur),ZYOBieLaunTiQrTrvNQq / HuLbOdhRlvQQN8oPP0AJ,,,à faire,Lip-sync caméra fixe
S04,00:30-00:40,Rue,Silhouette parapluie,"SET_RUE + PROP_PARAPLUIE_ouvert","EP01_S04_KF + PROP_PARAPLUIE_ouvert",—,—,—,,,à faire,Texte écran 3h43
S05,00:40-00:50,Guichet,Inès + Élias,"REF_INES_face + REF_ELIAS_face + SET_GUICHET","EP01_S05_KF + REF_INES_face + REF_ELIAS_face","D2: Bonsoir. N'ayez pas peur.",Voice Changer,9osbeK6KzhDRV0yX4rTq,,,à faire,3 coups sur la vitre
S06,00:50-01:00,Guichet,Inès + main Élias,"REF_INES_face + SET_GUICHET","EP01_S06_KF + REF_INES_face + REF_ELIAS_face","D3: Je n'ouvre pas. Mettez votre ordonnance dans le tiroir.",Voice Changer,ZYOBieLaunTiQrTrvNQq,,,à faire,Bandage G / bracelet D
S07,01:00-01:10,Comptoir,Inès,"PROP_MOT + REF_INES_face","EP01_S07_KF + REF_INES_face","D4: C'est… mon écriture.",Voice Changer,ZYOBieLaunTiQrTrvNQq,,,à faire,RETOURNEMENT - plan B image fixe PROP_MOT
S08,01:10-01:20,Guichet,Élias + main Inès,"REF_ELIAS_face + SET_GUICHET","EP01_S08_KF + REF_ELIAS_face + REF_INES_face","D5: C'est toi qui m'as dit de venir, Inès.",Voice Changer,9osbeK6KzhDRV0yX4rTq,,,à faire,Texte écran 3h44
S09,01:20-01:30,Pharmacie arrière,Inès + Élias,"REF_INES_face + SET_PHARMA_arriere + PROP_PARAPLUIE_ferme","EP01_S09_KF_start (first) + EP01_S09_KF (last) + refs","V4: Trop tard… il est déjà à l'intérieur.",TTS v3 + filtre tel,ZYOBieLaunTiQrTrvNQq,,,à faire,CLIFFHANGER + carton Ép.2
